Method,Dataset,Fold,Accuracy,Precision,Recall,F1_Score,ROC_AUC,PR_AUC,G_Mean,BAcc
RHSBoost,yeast1,1,0.757576,0.597222,0.500000,0.544304,0.793315,0.536051,0.656719,0.681280
RHSBoost,yeast1,2,0.663300,0.445312,0.662791,0.532710,0.759561,0.522221,0.663149,0.663149
RHSBoost,yeast1,3,0.730640,0.540541,0.465116,0.500000,0.749559,0.500550,0.624635,0.651989
RHSBoost,yeast1,4,0.713805,0.503759,0.779070,0.611872,0.752921,0.517715,0.731696,0.733137
RHSBoost,yeast1,5,0.719595,0.510000,0.600000,0.551351,0.732813,0.506852,0.678722,0.683886
RHSBoost,yeast1,Average,0.716983,0.519367,0.601395,0.548048,0.757634,0.516678,0.670984,0.682688
