Method,Dataset,Fold,Accuracy,Precision,Recall,F1_Score,ROC_AUC,PR_AUC,G_Mean,BAcc
RHSBoost,yeast4,1,0.831650,0.157895,0.818182,0.264706,0.894787,0.156112,0.825145,0.825175
RHSBoost,yeast4,2,0.814815,0.142857,0.900000,0.246575,0.864634,0.152700,0.854788,0.855923
RHSBoost,yeast4,3,0.892256,0.225000,0.900000,0.360000,0.953659,0.313064,0.895984,0.895993
RHSBoost,yeast4,4,0.794613,0.130435,0.900000,0.227848,0.858885,0.143159,0.843710,0.845470
RHSBoost,yeast4,5,0.834459,0.157895,0.900000,0.268657,0.877972,0.172128,0.865420,0.866084
RHSBoost,yeast4,Average,0.833559,0.162816,0.883636,0.273557,0.889987,0.187433,0.857009,0.857729
