Method,Dataset,Fold,Accuracy,Precision,Recall,F1_Score,ROC_AUC,PR_AUC,G_Mean,BAcc
RHSBoost,yeast6,1,0.811448,0.111111,1.000000,0.200000,0.929310,0.145833,0.898274,0.903448
RHSBoost,yeast6,2,0.858586,0.111111,0.714286,0.192308,0.779064,0.081215,0.784706,0.788177
RHSBoost,yeast6,3,0.774411,0.083333,0.857143,0.151899,0.814778,0.074796,0.813676,0.814778
RHSBoost,yeast6,4,0.774411,0.094595,1.000000,0.172840,0.944828,0.179487,0.876907,0.884483
RHSBoost,yeast6,5,0.780405,0.073529,0.714286,0.133333,0.763223,0.071692,0.747380,0.748146
RHSBoost,yeast6,Average,0.799852,0.094736,0.857143,0.170076,0.846241,0.110605,0.824189,0.827807
