Method,Dataset,Fold,Accuracy,Precision,Recall,F1_Score,ROC_AUC,PR_AUC,G_Mean,BAcc
RUSBoost,yeast1,1,0.757576,0.597222,0.500000,0.544304,0.793536,0.536138,0.656719,0.681280
RUSBoost,yeast1,2,0.680135,0.462810,0.651163,0.541063,0.739144,0.483321,0.671243,0.671553
RUSBoost,yeast1,3,0.727273,0.533333,0.465116,0.496894,0.744682,0.497624,0.622868,0.649620
RUSBoost,yeast1,4,0.696970,0.482456,0.639535,0.550000,0.752618,0.508497,0.678754,0.679957
RUSBoost,yeast1,5,0.719595,0.510000,0.600000,0.551351,0.733454,0.508544,0.678722,0.683886
RUSBoost,yeast1,Average,0.716309,0.517164,0.571163,0.536722,0.752687,0.506825,0.661661,0.673259
