Method,Dataset,Fold,Accuracy,Precision,Recall,F1_Score,ROC_AUC,PR_AUC,G_Mean,BAcc
RUSBoost,yeast6,1,0.811448,0.111111,1.000000,0.200000,0.924138,0.137255,0.898274,0.903448
RUSBoost,yeast6,2,0.848485,0.104167,0.714286,0.181818,0.777340,0.080223,0.779984,0.783005
RUSBoost,yeast6,3,0.774411,0.083333,0.857143,0.151899,0.814778,0.074796,0.813676,0.814778
RUSBoost,yeast6,4,0.713805,0.076087,1.000000,0.141414,0.915517,0.125000,0.840771,0.853448
RUSBoost,yeast6,5,0.780405,0.073529,0.714286,0.133333,0.763223,0.071692,0.747380,0.748146
RUSBoost,yeast6,Average,0.785711,0.089645,0.857143,0.161693,0.838999,0.097793,0.816017,0.820565
