Method,Dataset,Fold,Accuracy,Precision,Recall,F1_Score,ROC_AUC,PR_AUC,G_Mean,BAcc
RUSBoost,yeast4,1,0.824916,0.163934,0.909091,0.277778,0.900668,0.163067,0.864280,0.865385
RUSBoost,yeast4,2,0.814815,0.142857,0.900000,0.246575,0.871951,0.166822,0.854788,0.855923
RUSBoost,yeast4,3,0.892256,0.225000,0.900000,0.360000,0.947909,0.311963,0.895984,0.895993
RUSBoost,yeast4,4,0.848485,0.142857,0.700000,0.237288,0.854704,0.143521,0.773021,0.776829
RUSBoost,yeast4,5,0.804054,0.147059,1.000000,0.256410,0.920804,0.187167,0.892862,0.898601
RUSBoost,yeast4,Average,0.836905,0.164342,0.881818,0.275610,0.899207,0.194508,0.856187,0.858546
