Method,Dataset,Fold,Accuracy,Precision,Recall,F1_Score,ROC_AUC,PR_AUC,G_Mean,BAcc
SMOTEBoost,yeast6,1,0.983165,0.625000,0.714286,0.666667,0.983251,0.730011,0.840771,0.851970
SMOTEBoost,yeast6,2,0.973064,0.428571,0.428571,0.428571,0.808867,0.407013,0.650123,0.707389
SMOTEBoost,yeast6,3,0.983165,0.625000,0.714286,0.666667,0.901970,0.644813,0.840771,0.851970
SMOTEBoost,yeast6,4,0.979798,0.538462,1.000000,0.700000,0.991133,0.580612,0.989601,0.989655
SMOTEBoost,yeast6,5,0.972973,0.428571,0.428571,0.428571,0.904103,0.431313,0.650107,0.707365
SMOTEBoost,yeast6,Average,0.978433,0.529121,0.657143,0.578095,0.917865,0.558752,0.794275,0.821670
