Method,Dataset,Fold,Accuracy,Precision,Recall,F1_Score,ROC_AUC,PR_AUC,G_Mean,BAcc
SMOTECSL,yeast6,1,0.946128,0.285714,0.857143,0.428571,0.979803,0.584184,0.901559,0.902709
SMOTECSL,yeast6,2,0.936027,0.200000,0.571429,0.296296,0.835961,0.416841,0.734780,0.758128
SMOTECSL,yeast6,3,0.919192,0.185185,0.714286,0.294118,0.945813,0.707244,0.812464,0.819212
SMOTECSL,yeast6,4,0.919192,0.225806,1.000000,0.368421,0.992611,0.740399,0.957727,0.958621
SMOTECSL,yeast6,5,0.935811,0.250000,0.857143,0.387097,0.967870,0.522109,0.896525,0.897430
SMOTECSL,yeast6,Average,0.931270,0.229341,0.800000,0.354901,0.944411,0.594155,0.860611,0.867220
