Method,Dataset,Fold,Accuracy,Precision,Recall,F1_Score,ROC_AUC,PR_AUC,G_Mean,BAcc
SMOTECSL,yeast4,1,0.888889,0.225000,0.818182,0.352941,0.950413,0.468369,0.854106,0.854895
SMOTECSL,yeast4,2,0.882155,0.195122,0.800000,0.313725,0.928571,0.442309,0.841436,0.842509
SMOTECSL,yeast4,3,0.848485,0.127660,0.600000,0.210526,0.890244,0.561183,0.717137,0.728571
SMOTECSL,yeast4,4,0.885522,0.166667,0.600000,0.260870,0.834843,0.286549,0.732995,0.747735
SMOTECSL,yeast4,5,0.888514,0.205128,0.800000,0.326531,0.892308,0.551210,0.844563,0.845804
SMOTECSL,yeast4,Average,0.878713,0.183915,0.723636,0.292919,0.899276,0.461924,0.798048,0.803903
