Method,Dataset,Model,Accuracy,Precision,Recall,F1_Score,ROC_AUC,PR_AUC,G_Mean,BAcc
borderline-smote,yeast4,KNN,0.9339566839566839,0.27365567765567766,0.569090909090909,0.3664920634920635,0.8118579868025545,0.22141112419941988,0.726338025329237,0.7580231963158792
borderline-smote,yeast4,RandomForest,0.9548480298480297,0.37956259426847666,0.41454545454545455,0.3753634118084246,0.9305145630422793,0.37968114750512233,0.6214623643461581,0.6943636850953924
borderline-smote,yeast4,SVM,0.9171102921102922,0.25248671851757404,0.7036363636363637,0.370175402410528,0.8902056701613243,0.4592884907514018,0.8047570398454804,0.8141363514534247
