Method,Dataset,Model,Accuracy,Precision,Recall,F1_Score,ROC_AUC,PR_AUC,G_Mean,BAcc
hybrid_sampling,yeast6,KNN,0.9588952588952588,0.3261904761904762,0.7142857142857143,0.44765669113495205,0.895405594286396,0.35985712165361416,0.8232614123499588,0.8395447184959177
hybrid_sampling,yeast6,RandomForest,0.9831467831467832,0.6849999999999999,0.5428571428571429,0.5766666666666667,0.9044413384014863,0.5750785743642887,0.7095445722304657,0.7683227368026317
hybrid_sampling,yeast6,SVM,0.9258781508781508,0.2244871794871795,0.8571428571428571,0.35471652003910065,0.9411597661376925,0.5109996656289596,0.888987470467816,0.8923406685189288
