Method,Dataset,Model,Accuracy,Precision,Recall,F1_Score,ROC_AUC,PR_AUC,G_Mean,BAcc
hybrid_sampling,yeast4,KNN,0.935976885976886,0.27,0.5490909090909091,0.35848887355528725,0.7933559345311008,0.24070200742781073,0.7068060093066958,0.7494193611266782
hybrid_sampling,yeast4,RandomForest,0.9683319683319682,0.6083333333333333,0.23636363636363633,0.3224664224664225,0.9293389980307939,0.43152515015420567,0.46140266292030335,0.6153894885602202
hybrid_sampling,yeast4,SVM,0.8463531713531713,0.14938018503235898,0.7236363636363636,0.24677618121227143,0.8966532580501537,0.43219700312215953,0.7823865463433661,0.7871513852001657
