Method,Dataset,Model,Accuracy,Precision,Recall,F1_Score,ROC_AUC,PR_AUC,G_Mean,BAcc
hybrid_sampling,yeast1,KNN,0.7028505778505778,0.4893485326239208,0.6503967168262654,0.558207604692281,0.7479874352474374,0.4982373666610715,0.6857164970080409,0.6872836664700047
hybrid_sampling,yeast1,RandomForest,0.7782942032942033,0.6326887413145632,0.568673050615595,0.5969138321199692,0.8143746474672753,0.6410886243077576,0.6997780372125615,0.7160900798101671
hybrid_sampling,yeast1,SVM,0.7162912912912912,0.5077336119866134,0.7365800273597811,0.6004268647244904,0.799572422377967,0.6062717121996617,0.721625961343897,0.7223184496988478
