Method,Dataset,Model,Accuracy,Precision,Recall,F1_Score,ROC_AUC,PR_AUC,G_Mean,BAcc
oversampling,yeast6,KNN,0.9588952588952588,0.3261904761904762,0.7142857142857143,0.44765669113495205,0.895405594286396,0.35985712165361416,0.8232614123499588,0.8395447184959177
oversampling,yeast6,RandomForest,0.981126581126581,0.605,0.48571428571428565,0.5297435897435897,0.8798082397259106,0.5752863274714063,0.6755520775573698,0.7394064806449963
oversampling,yeast6,SVM,0.9258781508781508,0.2244871794871795,0.8571428571428571,0.35471652003910065,0.9411597661376925,0.5109996656289596,0.888987470467816,0.8923406685189288
