Method,Dataset,Model,Accuracy,Precision,Recall,F1_Score,ROC_AUC,PR_AUC,G_Mean,BAcc
oversampling,yeast4,KNN,0.935976885976886,0.27,0.5490909090909091,0.35848887355528725,0.7933559345311008,0.24070200742781073,0.7068060093066958,0.7494193611266782
oversampling,yeast4,RandomForest,0.964964964964965,0.4583333333333333,0.19636363636363635,0.25931623931623926,0.926760744798439,0.3989630523677505,0.3780812938324481,0.5943429740990716
oversampling,yeast4,SVM,0.8463531713531713,0.14938018503235898,0.7236363636363636,0.24677618121227143,0.8966532580501537,0.43219700312215953,0.7823865463433661,0.7871513852001657
