Method,Dataset,Model,Accuracy,Precision,Recall,F1_Score,ROC_AUC,PR_AUC,G_Mean,BAcc
oversampling,yeast1,KNN,0.7028505778505778,0.4893485326239208,0.6503967168262654,0.558207604692281,0.7479874352474374,0.4982373666610715,0.6857164970080409,0.6872836664700047
oversampling,yeast1,RandomForest,0.7836996086996086,0.6386597445995943,0.5896853625170999,0.6112374749538156,0.81026380793693,0.6368969500322738,0.7119711469568897,0.7261223021116304
oversampling,yeast1,SVM,0.7162912912912912,0.5077336119866134,0.7365800273597811,0.6004268647244904,0.7995834440907412,0.606296523860774,0.721625961343897,0.7223184496988478
