Method,Dataset,Model,Accuracy,Precision,Recall,F1_Score,ROC_AUC,PR_AUC,G_Mean,BAcc
smote+ENN,yeast4,KNN,0.8773682773682774,0.18044019933554817,0.7254545454545454,0.28847274475969564,0.8505922569669797,0.1992749601903936,0.7953588521491144,0.8041139348456422
smote+ENN,yeast4,RandomForest,0.9204863954863954,0.22911120577024469,0.5490909090909091,0.32087652964170266,0.9238122963510988,0.36329799056137624,0.7093438143364444,0.7413993323749422
smote+ENN,yeast4,SVM,0.8537696787696787,0.16123140203734054,0.761818181818182,0.2656327488850455,0.8995825017554507,0.42420170146826186,0.8047243243492875,0.8093842742623231
