Method,Dataset,Model,Accuracy,Precision,Recall,F1_Score,ROC_AUC,PR_AUC,G_Mean,BAcc
SMOTE,yeast1,KNN,0.6934070434070433,0.4783883664955753,0.6690560875512995,0.5574864006920411,0.7429121310157482,0.4802827539407851,0.6854488338617745,0.6861868115481616
SMOTE,yeast1,RandomForest,0.7715692965692965,0.6035829020613498,0.6200273597811218,0.6109629966716776,0.809595114139561,0.6348401472667581,0.7183837192038304,0.7266013576156793
SMOTE,yeast1,SVM,0.7014742014742014,0.4903863539493461,0.7761696306429549,0.6006599780206638,0.7948441724314547,0.5989098344016474,0.7213105613460288,0.7236298390181599
