Method,Dataset,Model,Accuracy,Precision,Recall,F1_Score,ROC_AUC,PR_AUC,G_Mean,BAcc
SMOTE,yeast6,KNN,0.9211575211575213,0.20337909682929434,0.7714285714285715,0.3200411715655618,0.9091883000664769,0.31085565296006246,0.8408029306492043,0.8481006357918421
SMOTE,yeast6,RandomForest,0.9770793520793521,0.5095238095238096,0.6285714285714286,0.5535136483743295,0.9283658615576048,0.5543155616752485,0.7703233827175469,0.8070371759251367
SMOTE,yeast6,SVM,0.9346323596323597,0.24128205128205127,0.8,0.36859259259259264,0.9428325975420593,0.5884276334175563,0.862308970999007,0.8689416537406037
