Method,Dataset,Model,Accuracy,Precision,Recall,F1_Score,ROC_AUC,PR_AUC,G_Mean,BAcc
SMOTE+ENN,yeast6,KNN,0.9056579306579307,0.1794586553892742,0.8285714285714285,0.2936647904940588,0.9080581928511771,0.2554462793675367,0.8632649086985549,0.8680454088329043
SMOTE+ENN,yeast6,RandomForest,0.9642824642824642,0.3525796425796426,0.6571428571428571,0.4545180598555212,0.9334973664922359,0.6131976078591215,0.7882783863616476,0.8144239521366357
SMOTE+ENN,yeast6,SVM,0.921830921830922,0.21046022443323795,0.8285714285714285,0.3347222222222222,0.9454971278572281,0.5782120880354378,0.8731055166263368,0.8763272367770638
