Method,Dataset,Model,Accuracy,Precision,Recall,F1_Score,ROC_AUC,PR_AUC,G_Mean,BAcc
SMOTE,yeast4,KNN,0.9043134043134045,0.20964743589743592,0.6654545454545454,0.31648899802590397,0.8339816281279695,0.223579716277512,0.76766850201582,0.7891135693574718
SMOTE,yeast4,RandomForest,0.9508099008099009,0.3432679738562091,0.4927272727272728,0.39963929146537847,0.92785779630569,0.39813495516729513,0.6820928660142441,0.729964182159304
SMOTE,yeast4,SVM,0.8820661570661571,0.18935267307218528,0.7236363636363636,0.29910996248918653,0.901939368835156,0.4657520653617313,0.7993914043000709,0.8056426500328939
