Method,Dataset,Model,Accuracy,Precision,Recall,F1_Score,ROC_AUC,PR_AUC,G_Mean,BAcc
SMOTE+ENN,yeast1,KNN,0.6630653380653382,0.45290755224525325,0.7948290013679891,0.5766980110090767,0.7486536653678334,0.47966450465344435,0.6954597669840931,0.7021538371768855
SMOTE+ENN,yeast1,RandomForest,0.7028346528346529,0.4905679734506744,0.7108344733242135,0.5798474756453258,0.7983495957624756,0.6196363473101255,0.7042953292895613,0.7051802698374622
SMOTE+ENN,yeast1,SVM,0.6421739921739922,0.43921052108471964,0.8554035567715459,0.5803737699154294,0.7901161818193606,0.6069032270528653,0.6892531147604014,0.7054268968691852
