Method,Dataset,Model,Accuracy,Precision,Recall,F1_Score,ROC_AUC,PR_AUC,G_Mean,BAcc
undersampling,yeast6,KNN,0.8759987259987259,0.14728690094242042,0.8857142857142858,0.25234822921416633,0.8944865085993831,0.25468419526725455,0.8789608404486365,0.8807392571633116
undersampling,yeast6,RandomForest,0.8975748475748475,0.17509740833270246,0.8571428571428571,0.2875099472400977,0.9465307583479639,0.5731183240742708,0.8715029689955104,0.8778459781478514
undersampling,yeast6,SVM,0.8948653198653199,0.16597225194548676,0.8571428571428571,0.27773015988097083,0.9306148260521248,0.5303459176941155,0.873625292914717,0.8764595087527912
