Method,Dataset,Model,Accuracy,Precision,Recall,F1_Score,ROC_AUC,PR_AUC,G_Mean,BAcc
undersampling,yeast1,KNN,0.6886750386750388,0.47356169360238143,0.7015868673050616,0.5647806910071062,0.7495178324829326,0.49886440948183725,0.691314114073484,0.6924995947899716
undersampling,yeast1,RandomForest,0.7203567203567204,0.5136932104718941,0.7247879616963064,0.5997358551526792,0.7955306306364716,0.6086880588275465,0.7202889864233644,0.7216356870092907
undersampling,yeast1,SVM,0.7041700791700791,0.4926218283881334,0.7551299589603284,0.5954663199906419,0.7982956542034868,0.6039236018549907,0.717209599476031,0.7192711406176049
