Method,Dataset,Model,Accuracy,Precision,Recall,F1_Score,ROC_AUC,PR_AUC,G_Mean,BAcc
undersampling,yeast4,KNN,0.8328578578578579,0.14774073687506523,0.8018181818181818,0.24916202077492403,0.8929397874852419,0.20188143848267187,0.8154388376553126,0.8178555590750713
undersampling,yeast4,RandomForest,0.8247997997997999,0.14328805940648046,0.8218181818181817,0.24382585164162207,0.915267315832726,0.334914597031249,0.8220656430823748,0.8233271606442338
undersampling,yeast4,SVM,0.8679201929201931,0.1812565536613038,0.8036363636363635,0.29555518891272065,0.88697965006169,0.348436980182372,0.8356598017145356,0.8369208839940547
